chave,rede,id,quando
2026-09-17|19:00|ig,ig,17885693355685181,2026-09-17T20:11:33.270973-04:00
2026-09-17|19:00|fb,fb,1346789025174077_122115963927434401,2026-09-17T20:11:38.098483-04:00
2026-09-18|19:00|ig,ig,18135141844711464,2026-09-18T19:11:27.599275-04:00
2026-09-18|19:00|fb,fb,1346789025174077_122116179309434401,2026-09-18T19:11:37.056397-04:00
2026-09-19|19:00|ig,ig,17899767972606418,2026-09-19T19:10:10.616090-04:00
2026-09-19|19:00|fb,fb,1346789025174077_122116475739434401,2026-09-19T19:10:17.691998-04:00
2026-09-20|19:00|ig,ig,18195586534391025,2026-09-20T19:10:32.689290-04:00
2026-09-20|19:00|fb,fb,1346789025174077_122116725765434401,2026-09-20T19:10:39.443814-04:00
2026-09-21|19:00|ig,ig,18141819775606904,2026-09-21T19:26:44.344038-04:00
2026-09-21|19:00|fb,fb,1346789025174077_122117001591434401,2026-09-21T19:26:48.637599-04:00
2026-09-22|19:00|ig,ig,18006223295970577,2026-09-22T19:10:51.715659-04:00
2026-09-22|19:00|fb,fb,1346789025174077_122117271261434401,2026-09-22T19:10:57.482805-04:00
2026-09-23|19:00|ig,ig,18458152888136796,2026-09-23T19:09:36.106405-04:00
2026-09-23|19:00|fb,fb,1346789025174077_122117494401434401,2026-09-23T19:09:44.135553-04:00
2026-09-25|19:00|ig,ig,18114444811825804,2026-09-25T19:11:00.969122-04:00
2026-09-25|19:00|fb,fb,1346789025174077_122117987049434401,2026-09-25T19:11:07.207979-04:00
2026-09-26|19:00|ig,ig,18059969864558573,2026-09-26T19:11:08.303674-04:00
2026-09-26|19:00|fb,fb,1346789025174077_122118231885434401,2026-09-26T19:11:17.310836-04:00
2026-09-27|19:00|ig,ig,17986807320067580,2026-09-27T19:10:58.392348-04:00
2026-09-27|19:00|fb,fb,1346789025174077_122118476463434401,2026-09-27T19:11:04.387973-04:00
2026-09-28|19:00|ig,ig,17949526854052902,2026-09-28T19:11:21.066763-04:00
2026-09-28|19:00|fb,fb,1346789025174077_122118733689434401,2026-09-28T19:11:24.717882-04:00
2026-09-29|19:00|ig,ig,18335326744261735,2026-09-29T19:11:16.631755-04:00
2026-09-29|19:00|fb,fb,1346789025174077_122118981777434401,2026-09-29T19:11:23.327663-04:00
