data,hora,imagem,legenda,redes
2026-09-10,19:00,P0042_0043_P1_three-oclock-pot.png,"The second pot goes on at three. That one isn't optional.

He has been asleep beside the desk since nine — not resting, properly asleep, on his side, feet moving, working through some errand of his own.

He will reach the end of this day on nothing at all. No list, no plan, no second pot. We'll get there too, but only because of what's in the carafe.

One of us has a system. The other one has coffee.

#australianshepherd #aussiesofinstagram #dogsofinstagram #workfromhome #afternooncoffee #coffeelover #dogsandcoffee #deskdog #petillustration #houndandroast #thehoundandroastsociety",ig+fb
2026-09-11,19:00,P0043_0044_P2_coffee-canine-chaos.png,"The mug was on the low table, which is another way of saying the mug was inside the arc.

Nobody was misbehaving. A tail that is genuinely pleased travels a good deal further than its owner has any idea about — vets see enough tails split open on doorframes and table legs to have a name for the injury.

Ours has taken out two mugs, a candle and one full press since spring. The press is the one we still talk about.

Coffee. Canine. Chaos. Always in that order.

#jackrussell #terriersofinstagram #dogsofinstagram #happytail #dogsandcoffee #coffeelover #butfirstcoffee #dogproblems #petillustration #houndandroast #thehoundandroastsociety",ig+fb
2026-09-12,19:00,P0044_0045_P3_roast-date.png,"Almost every bag prints a best-by date. Very few print the one that matters.

Coffee is not shelf-stable in the way that date suggests. Roasted beans give off carbon dioxide for days afterward, and the aromatics go with it — most beans are at their best somewhere between three days and three weeks off the roast, and flat long before the printed date runs out.

A best-by twelve months out tells you the bag will not spoil. It says nothing about whether the coffee is still worth grinding.

So look for a roast date. A roaster who is proud of it puts it on the bag. A bag that doesn't show one is telling you the roaster wasn't thinking about you when they filled it.

#coffeetips #coffeefacts #freshlyroasted #specialtycoffee #wholebeancoffee #coffeelover #butfirstcoffee #homebarista #coffeeathome #roastdate #houndandroast #thehoundandroastsociety",ig+fb
2026-09-13,19:00,P0045_0046_P1_day-four.png,"Day four. There are five rooms in this house and she has picked the doorway.

Not the bed we bought her, not the rug in front of the stove. The threshold — where she can see the kitchen and whatever is moving in the rest of the house. She still stands up whenever we stand up, too. She isn't waiting for anyone. She just hasn't finished checking yet.

People in rescue describe the first stretch as three-three-three. Three days to stop bracing. Three weeks to learn the shape of a house. Three months before a dog believes the house is hers.

So we do very little. Coffee at the same hour, the same mug, the same chair, and nothing asked of her — no training, no visitors, no outings she didn't choose. Predictability is the entire program and it is far duller than anyone expects.

She came out of a shelter at two years old, which means she arrived with a personality already finished. We just haven't met her yet. Ask us on day ninety.

#adoptdontshop #rescuedog #dalmatian #dalmatiansofinstagram #shelterdog #adoptadultdogs #dogsofinstagram #slowmornings #dogsandcoffee #petillustration #houndandroast #thehoundandroastsociety",ig+fb
2026-09-14,19:00,P0046_0047_P2_first-sip-together.png,"He is out on the boards before the door is fully open, every morning, and he picks the same spot — facing the water, three feet off the chair.

The coffee gets poured and set down. Then the phone rings inside, and the chair sits empty for four minutes.

He doesn't move. Not up to the chair, not back indoors. He knows the morning ritual. He knows we're coming back in a minute.

Every morning has its favorite company. Ours is the one who holds the spot.

#dogsofinstagram #morningritual #slowmornings #porchlife #firstsip #coffeelover #butfirstcoffee #dogsandcoffee #quietmornings #petillustration #houndandroast #thehoundandroastsociety",ig+fb
2026-09-15,19:00,P0047_0048_P3_the-lean.png,"You are at the counter waiting on the kettle and forty pounds of dog arrives against your shin and stays there.

Contact settles them. Pressure against something steady is a way of confirming the something is still steady — the same instinct that has them sleeping against a wall, a chair leg, a foot.

The big ones do it hardest, mostly because they can. Put your weight back into them and they will hold the position all morning.

Nothing is being asked for. You are furniture that likes them back.

#dogbehavior #dogfacts #dogsofinstagram #caninebehaviour #dogmomlife #dogsandcoffee #butfirstcoffee #velcrodog #petsofinstagram #dogowners #houndandroast #thehoundandroastsociety",ig+fb
2026-09-16,19:00,P0048_0049_P4_tee-current-mood.png,"An English Bulldog wakes up the way the rest of us would if it were allowed: reluctantly, briefly, and with the option to reconsider.

He gets as far as the doorway most mornings. Sits down there. Watches the coffee happen from a safe distance, in case any of it turns out to require something of him.

None of it does. He goes back down, and if we could, we would go with him.

Send caffeine.

Printed to order on soft ring-spun cotton. Tap the tag.

#englishbulldog #bulldogsofinstagram #dogsofinstagram #currentmood #sendcaffeine #dogdad #dogmomlife #coffeelover #butfirstcoffee #printedtoorder #dogtshirt #houndandroast #thehoundandroastsociety",ig+fb
2026-09-17,19:00,P0049_0050_P1_nine-pm-decaf.png,"Decaf goes on at nine. We've never once forgotten what that means — mostly because he won't let us.

He knows the sound of that particular pour. Not espresso, not the second pot from the afternoon — decaf, poured slow, means the leash comes off the hook next.

He's already at the door by the time the mug hits the counter. Ten years of doing this, and he's never once let a night go by unmarked.

One last lap around the block, then the porch light goes off and the day actually ends.

Some of us keep better time than others. It's not the humans.

#boxersofinstagram #boxerdog #eveningwalk #dogsofinstagram #decaf #coffeelover #petillustration #slowevenings #dogdad #dogsandcoffee #houndandroast #thehoundandroastsociety",ig+fb
2026-09-18,19:00,P0050_0051_P2_coffee-supervisor.png,"Golden Retrievers carry things like the object still matters to someone. A pour-over kettle, apparently, counts.

He doesn't touch anything. He supervises — nose an inch from the dripper, watching the water find every corner of the grounds like it's a job he was assigned at birth.

If the bloom looks wrong, you'll know. He has a very specific head-tilt reserved for under-extracted coffee.

Approval required before the first sip. He wrote the rule. We just work here.

#goldenretriever #goldenretrieversofinstagram #pourovercoffee #coffeelover #specialtycoffee #dogsofinstagram #coffeeart #petillustration #coffeeandcanine #houndandroast #thehoundandroastsociety",ig+fb
2026-09-19,19:00,P0051_0052_P3_cold-brew-vs-iced.png,"Cold brew steeps in room-temperature or cold water for twelve to twenty-four hours. No heat touches it at any point.

Iced coffee is regular coffee, brewed hot the normal way, then cooled and poured over ice. Same beans, completely different extraction.

That's why cold brew tastes smoother and less acidic — heat is what pulls out most of the bitterness and acid in the first place, and cold brew skips it entirely.

Order confidently. The barista will notice.

#coldbrew #icedcoffee #coffeefacts #coffeetips #specialtycoffee #coffeelover #coffeeeducation #butfirstcoffee #homebarista #houndandroast #thehoundandroastsociety",ig+fb
2026-09-20,19:00,P0052_0053_P1_day-ten-kettle.png,"Day ten. The kettle whistles and she's up on all four feet before the second note.

Not scared exactly — checking. She does this with the mail slot too, and the ice maker, and, memorably, a dropped spoon. Ten days isn't long enough to know which sounds mean something and which don't.

We've started narrating the boring ones. ""That's just the kettle."" ""That's just the mail."" She doesn't understand a word of it, but she watches our shoulders, and our shoulders aren't tense, so eventually hers aren't either.

Whoever had her first taught her that sounds can turn into something bad. We're just trying to teach her that most of them don't.

She's back down on the rug by the third note. Progress looks exactly this small.

#adoptdontshop #rescuedog #shelterdog #adoptedlife #dogsofinstagram #rescuedogsofinstagram #dogbehavior #patienceovertime #dogsandcoffee #houndandroast #thehoundandroastsociety",ig+fb
2026-09-21,19:00,P0053_0054_P2_dog-mom-brews.png,"There's a specific kind of tired that only a new puppy causes, and it has nothing to do with how much sleep you actually got.

It's the tired of watching a doorway for chewed shoes, memorizing potty schedules, and reorganizing an entire evening around one very small bladder.

Puppy love doesn't run on rest. It runs on strong coffee and low standards for a clean floor.

Fuelled by puppy love and potent brews. Mostly the second one.

#dogmom #puppylove #newpuppy #dogsofinstagram #coffeelover #puppiesofinstagram #dogmomlife #butfirstcoffee #petillustration #houndandroast #thehoundandroastsociety",ig+fb
2026-09-22,19:00,P0054_0055_P3_same-beans-different-cup.png,"Buy the exact bag your favorite café uses and brew it at home, and it still won't taste the same. That's not in your head.

Cafés grind right before brewing, weigh the water to the gram, and often filter and remineralize their water to get the balance right. Most home setups skip all three.

Stale grounds lose aroma within thirty minutes of grinding. A pre-ground bag sitting in the pantry for two weeks has already lost the fight.

Grind fresh, measure the water, and the gap closes more than you'd expect.

#coffeetips #freshground #coffeeathome #specialtycoffee #coffeefacts #homebarista #coffeelover #butfirstcoffee #brewingtips #houndandroast #thehoundandroastsociety",ig+fb
2026-09-23,19:00,P0055_0056_P4_tee-pawsitively-caffeinated.png,"French Bulldogs run warm, snore loud, and greet every morning like it's the first one that's ever happened. Ours has never once opened his eyes gradually.

Zero to fully awake in one second, tags jingling, aimed directly at whoever's closest to the coffee. Porch, sunrise, doesn't matter — he's been like this since the day he came home at nine weeks old.

Pawsitively caffeinated, since always. He didn't need the coffee to get there. We did.

Printed to order on soft ring-spun cotton. Link's in the bio.

#frenchbulldog #frenchie #frenchiesofinstagram #dogsofinstagram #printedtoorder #dogtshirt #coffeelover #butfirstcoffee #currentmood #dogdad #houndandroast #thehoundandroastsociety",ig+fb
2026-09-25,19:00,P0056_0057_P5_ring-spun.png,"Regular cotton uses shorter, looser fibers, and you can feel their loose ends as a slightly rough surface.

Ring spinning twists and thins those fibers into a finer, smoother yarn, and a finer yarn makes a softer fabric.

That's what our tees are made of: 100% ring-spun cotton, lightweight, cut in a modern classic fit, with OEKO-TEX certified dyes.

Nobody sees the yarn, but everybody feels how soft it is.

#ringspuncotton #softtee #printedtoorder #behindthescenes #coffeelover #dogsandcoffee #dogmom #dogdad #houndandroast #thehoundandroastsociety",ig+fb
2026-09-26,19:00,P0057_0058_P2_trailhead-count.png,"Trailhead. The thermos is still hot and the German Shepherd has already checked the parking lot twice.

German Shepherds don't come along on a hike. They run it. Ahead, back, ahead again. A head count every hundred yards, and you're the count.

At the first rest stop he sits facing the way we came, ears up, and doesn't settle until the last of us is in sight.

Water for him, coffee for us. Everyone accounted for. Back to the trail.

#germanshepherd #germanshepherdsofinstagram #gsd #hikingwithdogs #trailcoffee #dogsofinstagram #coffeelover #dogsandcoffee #petillustration #houndandroast #thehoundandroastsociety",ig+fb
2026-09-27,19:00,P0058_0059_P1_belly-up.png,"A year ago he slept curled up tight against the wall, back to the room, eyes on the door.

We didn't push it. We put a bed next to the armchair and waited.

Somewhere around month four he lay down on his side. By month seven he'd stretch out flat on the floor for about a minute, and look embarrassed about it.

Today he's sprawled across the middle of the living room, all four feet in the air, snoring, while somebody reads a few feet away and doesn't move a muscle.

Adopting a dog doesn't end the day you sign the paperwork. Trust just takes the long way around.

The bed is still by the armchair. He ignores it on principle.

#adoptdontshop #shelterdog #rescuedog #adoptionstory #pitbullsofinstagram #rescuedogsofinstagram #dogsofinstagram #adoptedlife #dogsandcoffee #houndandroast #thehoundandroastsociety",ig+fb
2026-09-28,19:00,P0059_0060_P3_arabica-robusta.png,"Coffee comes from more than one plant, and nearly everything in your cup comes from one of two: arabica or robusta.

Arabica grows at higher altitude and ripens slowly. It tastes sweeter, softer, more acidic, and it's most of what you'll find in specialty bags.

Robusta grows at lower altitude, handles heat and pests better, and carries roughly twice the caffeine. The flavor is harsher, more bitter. It shows up in instant coffee and in some espresso blends, where it helps build a thicker crema.

Neither one is wrong. But when a bag doesn't say which it is, that's usually not a good sign.

If it's proud of what's inside, the label will tell you.

#arabica #robusta #coffeefacts #coffeeeducation #specialtycoffee #coffeelover #coffeetips #butfirstcoffee #homebarista #houndandroast #thehoundandroastsociety",ig+fb
2026-09-29,19:00,P0060_0061_P2_pumpkin-spice-fetch.png,"From behind, in October, a Corgi is a pumpkin with ears.

Round in the rump, short in the leg, built low and wide. Sit her on the porch step next to the jack-o'-lantern and the neighbors would need a second look.

She's a herder, and fall has finally given her a flock that looks like her: the pumpkins by the door, the leaves on the steps, the pumpkin latte on the table.

So far she's rounded up two pumpkins and a pile of leaves. The latte is still ours. For now.

#corgi #corgisofinstagram #pumpkinspice #fallvibes #autumncoffee #dogsofinstagram #coffeelover #petillustration #dogsandcoffee #houndandroast #thehoundandroastsociety",ig+fb
2026-09-30,19:00,P0061_0062_P4_tee-coffee-warms-my-hands.png,"A Beagle greets you like you've been gone a year. Every time. Including the four minutes it took to carry the bins out to the curb.

The tail starts at the base and takes the entire back half of the dog with it. That white tip is the loudest thing on the street.

The coffee waited on the porch railing, keeping warm for whoever needed it. The Beagle didn't wait at all.

Coffee warms your hands. The tail does the rest.

Printed to order on soft ring-spun cotton. Link's in the bio.

#beagle #beaglesofinstagram #beaglelove #dogsofinstagram #tailwags #printedtoorder #dogtshirt #coffeelover #butfirstcoffee #dogmom #houndandroast #thehoundandroastsociety",ig+fb
2026-10-01,19:00,P0062_0063_P3_a-thousand-names.png,"Chaser, a Border Collie in South Carolina, learned the names of more than a thousand toys. A retired psychology professor taught her a few at a time, over years.

She could fetch any of them by name. Then came the harder test: given a name she'd never heard, she picked the one toy in the pile she hadn't met yet.

That's not memorizing. That's working something out.

It's also why a Border Collie with nothing to do starts inventing projects. She isn't misbehaving. She's under-employed.

And somehow they still pretend not to know the word ""bath.""

#bordercollie #bordercollieofinstagram #dogfacts #dogintelligence #chasertheborder #dogsofinstagram #dogtraining #petillustration #dogsandcoffee #houndandroast #thehoundandroastsociety",ig+fb
